<application>
  <component name="Trusted.Paths">
    <option name="TRUSTED_PROJECT_PATHS">
      <map>
        <entry key="C:\springai\springai1" value="true" />
        <entry key="C:\springai\springai2" value="true" />
        <entry key="C:\springai\springai2\springai2" value="true" />
        <entry key="C:\springai\springai2\untitled" value="true" />
        <entry key="C:\springai\springai2\untitled1" value="true" />
        <entry key="C:\springai\springai3" value="true" />
        <entry key="C:\springai\springai4" value="true" />
        <entry key="D:\Team_Project\SPC-TEAM-Project-master" value="true" />
        <entry key="D:\Team_Project\apgroup" value="true" />
        <entry key="D:\Team_Project\apgroup (2)" value="true" />
        <entry key="D:\Team_Project\apgroup\ayunchae" value="true" />
        <entry key="D:\Team_Project\apgroup\ayunche" value="true" />
        <entry key="D:\Team_Project\apgroup\qna" value="true" />
        <entry key="D:\Team_Project\apgroup\qna\qna" value="true" />
        <entry key="D:\Team_Project\app" value="true" />
        <entry key="D:\Team_Project\spc" value="true" />
        <entry key="D:\amore" value="true" />
        <entry key="D:\app" value="true" />
        <entry key="D:\cgv" value="true" />
        <entry key="D:\cgvweb" value="true" />
        <entry key="D:\happypoint" value="true" />
        <entry key="D:\hugging\hug1" value="true" />
        <entry key="D:\jakomo(user만)" value="true" />
        <entry key="D:\jakomo\backend" value="true" />
        <entry key="D:\jakomo\fullstack\jakomo" value="true" />
        <entry key="D:\jakomo_eun" value="true" />
        <entry key="D:\jakomo_eun\jakomo" value="true" />
        <entry key="D:\jakomo수정2" value="true" />
        <entry key="D:\java prac\app" value="true" />
        <entry key="D:\java prac\mailsender" value="true" />
        <entry key="D:\java prac\mailsender\app" value="true" />
        <entry key="D:\oasis\backend" value="true" />
        <entry key="D:\pro03" value="true" />
        <entry key="D:\spring_react\app1" value="true" />
        <entry key="D:\spring_react\spring_react_chatbot\springai3_backend" value="true" />
        <entry key="D:\spring_react\springai3" value="true" />
        <entry key="D:\spring_react\springai3_backend" value="true" />
        <entry key="D:\spring_react\springai7" value="true" />
        <entry key="D:\spring_react\springai9" value="true" />
        <entry key="D:\spring_react\springai9\springai9" value="true" />
        <entry key="D:\springai4" value="true" />
        <entry key="D:\springai4_20250512" value="true" />
      </map>
    </option>
  </component>
  <component name="Trusted.Paths.Settings">
    <option name="TRUSTED_PATHS">
      <list>
        <option value="C:\springai" />
        <option value="D:\" />
      </list>
    </option>
  </component>
</application>