<application>
  <component name="DimensionService">
    <location key="find.popup.0.0.1920.1080" x="1170" y="364" />
    <location key="find.popup.-1920.0.1920.1080" x="-922" y="201" />
    <size key="find.popup.0.0.1920.1080" width="630" height="602" />
    <size key="GridCell.Tab.0.left.0.0.1920.1080" width="1838" height="301" />
    <size key="GridCell.Tab.0.center.0.0.1920.1080" width="1838" height="301" />
    <size key="GridCell.Tab.0.right.0.0.1920.1080" width="1838" height="301" />
    <size key="GridCell.Tab.0.bottom.0.0.1920.1080" width="1838" height="301" />
    <size key="GridCell.Tab.1.left.0.0.1920.1080" width="1838" height="302" />
    <size key="GridCell.Tab.1.center.0.0.1920.1080" width="1838" height="302" />
    <size key="GridCell.Tab.1.right.0.0.1920.1080" width="1838" height="302" />
    <size key="GridCell.Tab.1.bottom.0.0.1920.1080" width="1838" height="302" />
    <size key="GridCell.Tab.0.left.-1920.0.1920.1080" width="1838" height="301" />
    <size key="GridCell.Tab.0.center.-1920.0.1920.1080" width="1838" height="301" />
    <size key="GridCell.Tab.0.right.-1920.0.1920.1080" width="1838" height="301" />
    <size key="GridCell.Tab.0.bottom.-1920.0.1920.1080" width="1838" height="301" />
    <size key="find.popup.-1920.0.1920.1080" width="630" height="676" />
    <size key="GridCell.Tab.1.left.-1920.0.1920.1080" width="1838" height="301" />
    <size key="GridCell.Tab.1.center.-1920.0.1920.1080" width="1838" height="301" />
    <size key="GridCell.Tab.1.right.-1920.0.1920.1080" width="1838" height="301" />
    <size key="GridCell.Tab.1.bottom.-1920.0.1920.1080" width="1838" height="301" />
  </component>
  <component name="WindowManager">
    <frame x="-8" y="-8" width="1936" height="1056" extendedState="6" />
  </component>
  <component name="WindowStateApplicationService">
    <state x="740" y="202" key="FileChooserDialogImpl" timestamp="1744786487793">
      <screen x="0" y="0" width="1920" height="1040" />
    </state>
    <state x="740" y="202" key="FileChooserDialogImpl/0.0.1920.1040" timestamp="1744786487793" />
    <state width="529" height="135" key="ShowUsagesActions.dimensionServiceKey" timestamp="1750842519937">
      <screen x="0" y="0" width="1920" height="1040" />
    </state>
    <state width="645" height="187" key="ShowUsagesActions.dimensionServiceKey/0.0.1920.1040" timestamp="1746148276667" />
    <state width="529" height="135" key="ShowUsagesActions.dimensionServiceKey/0.0.1920.1040/-1920.0.1920.1040" timestamp="1750842519937" />
    <state x="960" y="455" width="800" height="650" key="WELCOME_SCREEN" timestamp="1751003693162">
      <screen x="0" y="0" width="1920" height="1040" />
    </state>
    <state x="960" y="455" width="800" height="650" key="WELCOME_SCREEN/0.0.1920.1040/-1920.0.1920.1040" timestamp="1751003693162" />
  </component>
</application>